dateTime,time_spatial_A,time_spatial_B,Lm_OPQ,MLT_OPQ,lat,lon,alt,Dist_In_Track,Lag_In_Track,Dist_Total,Loss_Cone_Type,flag,AE,width_A,width_B,nearby_stations
2015-03-28 05:24:11.900,2015-03-28 05:24:11.900,2015-03-28 05:24:43.200,7.84857,22.6302,56.8762,-93.1595,669.877,232.032,30.844,232.062,1,4,74.0,0.8749938764536638,1.0999996111117072,BMLS KAPU PINE RMUS SWNO TPAS
2015-04-04 06:56:44.800,2015-04-04 06:56:44.800,2015-04-04 06:57:10.700,7.60716,22.2753,59.2077,-115.13799999999999,683.826,194.25099999999998,25.8716,194.271,1,0,111.0,1.0500021666259272,0.6299999999988359,HOTS PGEO SNAP TPAS UKIA
2015-04-04 13:12:08.100,2015-04-04 13:12:08.100,2015-04-04 13:12:33.700,7.23119,9.75203,60.644,-56.7193,643.039,193.563,25.6303,193.579,0,0,268.0,1.7333333333313932,1.513333333330229,GBAY KUUJ
2015-04-04 14:49:31.900,2015-04-04 14:49:31.900,2015-04-04 14:49:57.800,7.92888,9.162510000000001,59.1513,-80.218,641.9019999999998,193.28799999999998,25.5905,193.304,0,0,172.0,0.9999977488070728,2.4500047497800552,BMLS CHBG DRBY KAPU KUUJ SWNO
2015-04-07 06:40:11.800,2015-04-07 06:40:11.800,2015-04-07 06:40:35.400,11.6676,22.3453,60.9234,-110.027,688.69,177.959,23.7174,177.976,-1,0,28.0,1.0676923076942328,0.9671040547080338,HOTS PGEO SNAP TPAS
2015-04-07 08:16:50.400,2015-04-07 08:16:50.400,2015-04-07 08:17:14.000,12.5728,22.0519,65.0006,-131.329,687.1310000000002,177.644,23.6677,177.66,-1,0,22.0,1.0550599545415025,1.0333310567046283,PGEO PTRS WHIT
2015-04-07 09:53:32.300,2015-04-07 09:53:32.300,2015-04-07 09:53:55.900,,22.016,68.8158,-151.838,685.3510000000001,177.33599999999996,23.619,177.352,-1,0,39.0,1.650000499995076,0.30000000000000004,KIAN MCGR
2015-04-08 18:18:18.700,2015-04-08 18:18:18.700,2015-04-08 18:18:41.300,8.393469999999999,7.65923,66.2308,-137.376,657.812,170.63400000000001,22.6389,170.646,1,0,155.0,1.5428597091871783,1.3249998749990484,PGEO PTRS WHIT
2015-04-08 19:56:25.800,2015-04-08 19:56:25.800,2015-04-08 19:56:48.800,6.55204,7.6955399999999985,67.2683,-162.88299999999995,659.0210000000002,170.31599999999997,22.6,170.328,1,0,124.0,1.5766597439942416,1.4937541171850173,KIAN MCGR
2015-04-08 19:56:58.900,2015-04-08 19:56:58.900,2015-04-08 19:57:22.400,7.52959,7.4581,69.1506,-165.046,660.804,170.292,22.6018,170.304,1,0,124.0,0.33333222225774084,0.0,KIAN MCGR
2015-04-08 19:57:08.300,2015-04-08 19:57:08.300,2015-04-08 19:57:30.600,7.8551699999999975,7.38094,69.6801,-165.727,661.32,170.285,22.6023,170.297,1,0,124.0,0.2083333333313931,2.2166656666668128,KIAN MCGR
2015-04-09 07:35:09.900,2015-04-09 07:35:09.900,2015-04-09 07:35:32.200,6.31934,22.1803,59.20399999999999,-124.764,692.7130000000003,166.988,22.2693,167.005,1,16,157.0,1.2874812593712706,1.2249700179905632,HOTS PGEO PTRS SNAP UKIA WHIT
2015-04-09 10:48:39.200,2015-04-09 10:48:39.200,2015-04-09 10:49:01.700,6.3971,22.1531,66.6355,-167.865,690.243,166.40099999999995,22.1793,166.417,1,16,209.0,1.016754999998375,2.1999986111331964,KIAN MCGR
2015-04-14 08:12:47.500,2015-04-14 08:12:47.500,2015-04-14 08:13:06.400,6.84535,22.1017,61.5484,-132.816,698.703,141.267,18.8542,141.279,1,0,44.0,0.976190394558944,1.068751104148396,PGEO PTRS WHIT
2015-04-16 02:37:37.900,2015-04-16 02:37:37.900,2015-04-16 02:37:55.600,4.97138,23.6366,55.6003,-52.181000000000004,700.67,132.472,17.6881,132.483,1,0,682.0,0.6738784576991748,0.0,GBAY
2015-04-16 09:07:57.000,2015-04-16 09:07:57.000,2015-04-16 09:08:14.500,4.29997,22.0926,58.885,-148.16299999999995,700.812,130.738,17.4554,130.75,1,0,558.0,0.506457765045343,0.5820331699884264,KIAN MCGR WHIT
2015-04-21 12:43:39.300,2015-04-21 12:43:39.300,2015-04-21 12:43:53.400,4.08609,10.0238,54.1743,-46.5357,675.6239999999998,105.96600000000001,14.0992,105.97200000000001,2,0,363.0,1.4,1.1999970000033502,GBAY
2015-04-21 12:45:01.300,2015-04-21 12:45:01.300,2015-04-21 12:45:15.300,5.8457099999999995,9.94898,59.0158,-49.1614,679.971,105.935,14.1021,105.941,1,0,348.0,0.5824445055390243,0.9746298168349312,GBAY
2015-04-21 14:23:26.200,2015-04-21 14:23:26.200,2015-04-21 14:23:40.400,8.860560000000003,9.22887,61.1442,-74.9937,681.913,105.796,14.0867,105.801,0,0,410.0,1.4000061667145929,1.512502333332668,BMLS CHBG GBAY KAPU KUUJ
2015-04-22 10:11:23.700,2015-04-22 10:11:23.700,2015-04-22 10:11:36.800,5.95675,22.0868,64.8569,-160.125,703.492,102.038,13.6269,102.04700000000001,1,0,243.0,2.445001208331087,1.4908367472118702,KIAN MCGR
2015-04-23 02:30:23.200,2015-04-23 02:30:23.200,2015-04-23 02:30:36.300,8.44696,0.184309,61.7346,-47.1227,703.06,98.914,13.2098,98.9219,0,0,104.0,0.07499987500050337,0.1,GBAY
2015-04-23 04:09:29.900,2015-04-23 04:09:29.900,2015-04-23 04:09:43.000,7.85225,23.1935,57.1798,-74.435,701.8739999999997,98.56299999999999,13.1623,98.5737,0,0,484.0,0.6609953703708016,0.7491325450449949,BMLS CHBG DRBY GBAY KAPU KUUJ RMUS SWNO
2015-04-28 11:15:15.500,2015-04-28 11:15:15.500,2015-04-28 11:15:26.600,7.151839999999999,22.209,68.1396,-173.06099999999995,703.143,83.3173,11.1256,83.3237,0,0,335.0,0.19166552778406187,0.729165784729048,KIAN
2015-04-29 06:52:08.600,2015-04-29 06:52:08.600,2015-04-29 06:52:19.500,6.0761400000000005,22.326,57.0101,-115.212,697.487,82.6292,11.0279,82.6353,1,0,43.0,0.5333328611159232,0.4883340661006514,HOTS PGEO PINE SNAP TPAS UKIA
2015-04-30 04:03:26.400,2015-04-30 04:03:26.400,2015-04-30 04:03:37.200,8.099960000000001,23.2724,57.6173,-72.7408,696.7489999999997,82.3161,10.9847,82.3223,0,0,62.0,1.0499972500139847,0.8600010799826123,BMLS CHBG DRBY GBAY KAPU KUUJ RMUS
2015-04-30 08:54:53.900,2015-04-30 08:54:53.900,2015-04-30 08:55:04.500,8.08768,22.0303,64.4702,-141.334,700.09,80.8119,10.7873,80.8178,0,0,66.0,0.4750008124829037,0.0,MCGR PTRS WHIT
2015-05-03 10:15:23.100,2015-05-03 10:15:23.100,2015-05-03 10:15:33.000,7.68106,22.059,67.0318,-159.238,698.4689999999997,74.2353,9.90643,74.241,0,0,104.0,1.1371221527719173,1.1499992500059306,KIAN MCGR
2015-05-05 07:55:36.000,2015-05-05 07:55:36.000,2015-05-05 07:55:44.900,7.20374,22.1295,61.207,-128.804,692.2819999999997,70.7712,9.43722,70.7791,1,4,308.0,1.9749983750079991,2.033333388887695,HOTS PGEO PTRS WHIT
2015-05-05 12:33:56.900,2015-05-05 12:33:56.900,2015-05-05 12:34:06.400,7.19805,9.93245,62.0348,-48.3062,701.078,70.8563,9.460230000000001,70.8605,0,0,410.0,0.4601499999989756,1.300067500001751,GBAY
2015-05-05 12:34:14.400,2015-05-05 12:34:14.400,2015-05-05 12:34:24.000,7.83715,9.90954,63.0457,-49.0695,701.426,70.8489,9.45953,70.85300000000002,0,0,410.0,1.6000145000056365,1.333320117974654,GBAY
2015-05-05 12:34:28.100,2015-05-05 12:34:28.100,2015-05-05 12:34:37.600,8.35737,9.8898,63.8345,-49.7007,701.7760000000003,70.8441,9.45909,70.8481,0,0,410.0,0.2554506656888407,1.2374994375102688,GBAY
2015-05-06 17:53:06.200,2015-05-06 17:53:06.200,2015-05-06 17:53:15.400,5.093380000000002,8.68811,57.4137,-125.48299999999999,699.955,67.9771,9.07549,67.9839,1,4,526.0,1.1299728092446455,1.1583362500008665,HOTS PGEO PTRS SNAP UKIA WHIT
2015-05-06 17:53:15.800,2015-05-06 17:53:15.800,2015-05-06 17:53:24.700,5.2572800000000015,8.64702,57.9757,-125.801,700.176,67.9714,9.07488,67.97800000000001,1,4,526.0,0.6350002083287111,0.6499987500312273,HOTS PGEO PTRS SNAP UKIA WHIT
2015-05-06 17:53:43.700,2015-05-06 17:53:43.700,2015-05-06 17:53:52.700,5.82154,8.508610000000001,59.6048,-126.788,700.7919999999997,67.9566,9.07333,67.9629,1,4,529.0,0.8118056684033945,1.2534409675630742,HOTS PGEO PTRS UKIA WHIT
2015-05-06 17:54:04.700,2015-05-06 17:54:04.700,2015-05-06 17:54:13.800,6.29761,8.395719999999999,60.8265,-127.588,701.237,67.9439,9.07192,67.9499,1,4,529.0,0.8412494093819988,0.2583333333313931,HOTS PGEO PTRS WHIT
2015-05-10 06:55:53.800,2015-05-10 06:55:53.800,2015-05-10 06:56:02.000,7.41895,22.3069,58.9562,-115.195,681.5260000000002,61.4722,8.18515,61.4835,1,0,432.0,0.29333073122543285,0.16470653502619825,HOTS PGEO SNAP TPAS UKIA
2015-05-10 10:09:25.200,2015-05-10 10:09:25.200,2015-05-10 10:09:33.300,6.9965699999999975,22.0408,66.1982,-158.54399999999995,687.22,61.4309,8.18481,61.4382,1,0,567.0,0.7674979913979769,0.4634883871098282,KIAN MCGR
2015-05-11 16:53:32.900,2015-05-11 16:53:32.900,2015-05-11 16:53:40.800,7.381710000000001,8.54643,60.2457,-112.146,701.7330000000003,59.2487,7.9115600000000015,59.2556,1,0,679.0,0.8857142727239989,1.0222228780679872,HOTS PGEO SNAP TPAS
2015-05-11 16:53:45.400,2015-05-11 16:53:45.400,2015-05-11 16:53:53.000,7.75782,8.473410000000001,60.972,-112.635,701.779,59.244,7.9109,59.2507,0,0,679.0,3.5249225174484313,2.9600001749990046,HOTS PGEO SNAP TPAS
2015-05-11 18:32:34.300,2015-05-11 18:32:34.300,2015-05-11 18:32:41.800,7.0053800000000015,8.02006,64.4774,-139.77100000000002,702.1560000000003,59.0995,7.8913100000000025,59.1054,1,0,417.0,0.7075130500015803,0.7777777777751909,PTRS WHIT
2015-05-11 20:10:50.400,2015-05-11 20:10:50.400,2015-05-11 20:10:58.300,5.78101,8.04502,66.0737,-165.676,702.174,58.976000000000006,7.8746,58.9814,1,0,615.0,1.625002916669473,1.3250012499978767,KIAN MCGR
2015-05-11 20:11:05.800,2015-05-11 20:11:05.800,2015-05-11 20:11:13.500,6.13246,7.9520100000000005,66.9477,-166.549,702.191,58.971000000000004,7.8738,58.9762,1,0,615.0,0.9666685333300848,1.029999466665322,KIAN MCGR
2015-05-12 09:27:07.900,2015-05-12 09:27:07.900,2015-05-12 09:27:15.500,4.82533,22.0424,61.1547,-151.74200000000005,678.798,57.917,7.7084,57.9302,1,0,447.0,0.5666656666697236,0.3492063151934417,KIAN MCGR
2015-05-12 14:03:36.600,2015-05-12 14:03:36.600,2015-05-12 14:03:44.200,5.61345,9.59039,55.4561,-67.237,700.796,57.6016,7.69165,57.6135,1,0,687.0,0.8192250199732372,1.6392841411696282,CHBG DRBY GBAY KUUJ
2015-05-12 14:04:39.400,2015-05-12 14:04:39.400,2015-05-12 14:04:47.100,7.37759,9.43845,59.1338,-69.3059,701.347,57.5432,7.6837,57.5533,0,0,661.0,0.680001400000765,0.364993896582746,CHBG DRBY GBAY KAPU KUUJ
2015-05-12 18:59:18.100,2015-05-12 18:59:18.100,2015-05-12 18:59:26.000,5.96495,8.166910000000001,63.4501,-145.686,701.564,57.3169,7.6528899999999975,57.3247,1,0,591.0,0.8933048018137925,0.8725013500021306,KIAN MCGR PTRS WHIT
2015-05-13 03:24:50.300,2015-05-13 03:24:50.300,2015-05-13 03:24:57.800,5.34645,23.3993,54.4673,-64.5843,671.0319999999998,56.4619,7.50775,56.4754,1,0,462.0,0.21749678282940296,0.26999676062259825,CHBG DRBY GBAY KUUJ LOYS
2015-05-13 08:17:03.000,2015-05-13 08:17:03.000,2015-05-13 08:17:10.400,5.01502,22.0975,58.6911,-135.644,674.44,55.8847,7.43381,55.8965,1,0,343.0,1.2796763163554716,1.2014165174303344,PGEO PTRS WHIT
2015-05-13 09:52:31.900,2015-05-13 09:52:31.900,2015-05-13 09:52:39.200,8.307789999999999,22.0017,66.7688,-153.80100000000004,681.4730000000002,55.7809,7.42599,55.7891,0,0,616.0,0.7375288750015898,1.5250599999999397,KIAN MCGR
2015-05-13 09:53:14.300,2015-05-13 09:53:14.300,2015-05-13 09:53:21.800,5.962219999999999,22.0285,64.3359,-156.06799999999996,679.383,55.7725,7.42305,55.7819,1,0,616.0,0.326534080223064,1.504380124999443,KIAN MCGR
2015-05-14 03:49:18.600,2015-05-14 03:49:18.600,2015-05-14 03:49:25.900,,23.7798,63.4174,-65.7789,677.0160000000002,54.8943,7.30386,54.9046,-1,0,285.0,0.0,0.7999995238176779,CHBG GBAY KUUJ
2015-05-14 03:49:34.900,2015-05-14 03:49:34.900,2015-05-14 03:49:42.200,,23.6989,62.4706,-66.5097,676.201,54.8916,7.302789999999999,54.9025,-1,0,265.0,0.7657134755194419,0.9524997875065312,CHBG GBAY KUUJ
2015-05-14 03:50:09.500,2015-05-14 03:50:09.500,2015-05-14 03:50:16.800,11.7151,23.5467,60.4505,-67.9352,674.308,54.8864,7.30055,54.8984,-1,0,265.0,0.3447913259587949,0.4812491250020685,CHBG GBAY KAPU KUUJ
2015-05-14 03:50:17.300,2015-05-14 03:50:17.300,2015-05-14 03:50:24.500,10.8578,23.5159,59.9933,-68.2353,673.933,54.8853,7.30005,54.8976,-1,0,265.0,0.3433490443407209,0.19294366965041265,CHBG GBAY KAPU KUUJ
2015-05-14 07:06:40.000,2015-05-14 07:06:40.000,2015-05-14 07:06:47.600,5.81008,22.2647,57.2443,-118.788,671.012,54.5287,7.250189999999999,54.5424,1,0,234.0,3.9958773435937474,3.3777780246891784,HOTS PGEO PTRS SNAP UKIA
2015-05-14 08:42:51.800,2015-05-14 08:42:51.800,2015-05-14 08:42:58.900,6.88503,22.0283,62.887,-139.545,676.063,54.4296,7.2411600000000025,54.44,1,0,65.0,0.8078000303998124,1.557123627117835,PTRS WHIT
2015-06-06 09:15:20.900,2015-06-06 09:15:20.900,2015-06-06 09:15:23.200,7.7302800000000005,21.9057,65.1028,-146.063,628.631,17.4176,2.30151,17.445,1,0,80.0,0.34998025419772605,0.5333332777780015,KIAN MCGR PTRS WHIT
2015-06-13 10:45:21.800,2015-06-13 10:45:21.800,2015-06-13 10:45:23.600,6.56303,21.971,66.8584,-167.032,621.328,13.6568,1.8026200000000001,13.6805,1,0,321.0,0.27879794343461983,0.9935066442798416,KIAN MCGR
2015-07-08 10:31:27.500,2015-07-08 10:31:27.500,2015-07-08 10:31:30.900,8.103060000000001,21.8524,67.954,-162.577,639.126,28.2383,3.73676,28.2517,0,0,111.0,1.0,1.8733332533331124,KIAN MCGR
2015-07-09 09:21:42.500,2015-07-09 09:21:42.500,2015-07-09 09:21:46.400,6.20179,21.8102,63.6663,-148.95,643.306,28.4195,3.76335,28.4372,1,0,99.0,1.7000000000000002,0.7832998463480181,KIAN MCGR WHIT
2015-07-13 09:31:46.100,2015-07-13 09:31:46.100,2015-07-13 09:31:50.000,4.7530800000000015,21.8309,61.3044,-153.108,653.5,29.7056,3.9396199999999997,29.7214,1,4,444.0,1.166666972220628,1.2458293949130166,KIAN MCGR
2015-07-13 11:08:41.100,2015-07-13 11:08:41.100,2015-07-13 11:08:45.000,4.77193,21.9515,64.3523,-175.199,651.97,29.6898,3.93634,29.7055,1,0,286.0,1.1000019999599318,0.7400036000006367,KIAN
2015-07-14 06:43:34.700,2015-07-14 06:43:34.700,2015-07-14 06:43:38.700,8.083260000000001,22.1577,59.1981,-112.301,656.818,29.9327,3.9717800000000003,29.9559,1,0,166.0,0.1013621400721604,0.9547628105356124,HOTS PGEO SNAP TPAS UKIA
2015-07-21 03:20:27.000,2015-07-21 03:20:27.000,2015-07-21 03:20:31.200,6.60376,23.3794,57.1475,-62.6305,673.6010000000001,31.2428,4.15583,31.2681,1,0,130.0,0.6849990400049137,0.4666646111130831,CHBG DRBY GBAY KUUJ
2015-07-21 08:13:27.900,2015-07-21 08:13:27.900,2015-07-21 08:13:32.100,4.90423,21.8998,58.3485,-135.278,673.441,31.2162,4.15206,31.2402,1,0,280.0,1.3,1.4,PGEO PTRS WHIT
2015-07-23 04:12:25.700,2015-07-23 04:12:25.700,2015-07-23 04:12:29.800,,23.3101,62.6355,-72.4601,675.24,31.5557,4.1978300000000015,31.5738,-1,0,590.0,2.647616126983485,1.819724307479919,CHBG GBAY KAPU KUUJ
2015-07-23 04:12:50.100,2015-07-23 04:12:50.100,2015-07-23 04:12:54.300,,23.2125,61.2138,-73.4983,675.985,31.5532,4.19808,31.573,-1,0,585.0,0.5599691357827397,1.585713095238316,BMLS CHBG GBAY KAPU KUUJ
2015-07-23 07:30:02.900,2015-07-23 07:30:02.900,2015-07-23 07:30:07.100,4.54727,22.0034,55.4146,-125.848,679.079,31.4852,4.19151,31.5247,1,0,626.0,0.5583418471855112,0.7777822222240502,HOTS PGEO PTRS SNAP UKIA WHIT
2015-07-23 09:06:23.800,2015-07-23 09:06:23.800,2015-07-23 09:06:28.000,4.85615,21.8388,60.4848,-147.329,676.8480000000002,31.5057,4.19232,31.5352,1,0,465.0,0.5222037536092102,0.3406083234382095,KIAN MCGR PTRS WHIT
2015-07-23 10:42:41.400,2015-07-23 10:42:41.400,2015-07-23 10:42:45.600,5.80703,21.8925,65.6757,-167.675,674.1560000000002,31.5928,4.20181,31.6071,1,0,168.0,0.17498777278524358,0.5600013799587032,KIAN MCGR
2015-07-24 07:55:19.200,2015-07-24 07:55:19.200,2015-07-24 07:55:23.200,6.66505,21.9177,60.6937,-129.446,678.658,31.613000000000003,4.20771,31.6325,1,4,192.0,0.7999936679483654,0.6999997083377821,HOTS PGEO PTRS WHIT
2015-07-24 09:32:35.600,2015-07-24 09:32:35.600,2015-07-24 09:32:39.600,5.29748,21.8256,62.4812,-152.615,677.9060000000002,31.6254,4.20872,31.6426,1,4,42.0,3.2333333333335763,3.0983228525306914,KIAN MCGR
2015-07-24 11:08:32.800,2015-07-24 11:08:32.800,2015-07-24 11:08:37.500,7.977239999999999,21.9484,68.7757,-171.05,674.659,31.6136,4.20458,31.6249,0,4,47.0,0.8466680977711804,0.7541706978576258,KIAN
2015-07-24 11:09:07.200,2015-07-24 11:09:07.200,2015-07-24 11:09:11.400,6.10904,21.9552,66.8259,-173.24099999999999,675.7180000000002,31.6097,4.20491,31.6232,1,4,47.0,1.0000059999991209,1.2083354166665232,KIAN
2015-07-24 11:09:10.000,2015-07-24 11:09:10.000,2015-07-24 11:09:14.200,6.03036,21.9556,66.6662,-173.405,675.8439999999998,31.6095,4.20496,31.6232,1,4,47.0,0.65,1.3,KIAN
2015-07-24 14:09:25.900,2015-07-24 14:09:25.900,2015-07-24 14:09:29.900,5.45092,9.34188,54.9371,-68.9769,634.136,31.5016,4.16705,31.526,1,4,333.0,1.9562490624986824,2.02181861983554,CHBG DRBY GBAY KAPU KUUJ LOYS
2015-07-25 05:07:40.200,2015-07-25 05:07:40.200,2015-07-25 05:07:44.100,7.84362,22.6307,56.6342,-89.712,682.279,31.6551,4.21594,31.6802,1,0,62.0,1.0178571428565193,1.014545454546169,BMLS KAPU PINE RMUS SWNO TPAS
2015-07-27 13:53:14.200,2015-07-27 13:53:14.200,2015-07-27 13:53:18.100,7.49172,9.24699,59.673,-67.2924,644.572,32.2893,4.277019999999999,32.306,0,0,114.0,1.4183348000020488,1.0222225308592898,CHBG DRBY GBAY KUUJ
2015-07-27 13:53:44.400,2015-07-27 13:53:44.400,2015-07-27 13:53:48.700,8.56364,9.155330000000001,61.4551,-68.487,646.227,32.2973,4.27888,32.3119,0,0,113.0,0.7999977142899297,1.4687699869595237,CHBG GBAY KAPU KUUJ
2015-07-28 03:11:56.900,2015-07-28 03:11:56.900,2015-07-28 03:12:01.200,7.129410000000001,23.4908,58.2117,-60.0161,687.0269999999998,32.1508,4.284669999999998,32.174,1,4,104.0,0.6208342985963101,0.0,CHBG DRBY GBAY KUUJ
2015-07-28 03:11:57.800,2015-07-28 03:11:57.800,2015-07-28 03:12:02.200,7.08742,23.4869,58.1589,-60.0476,687.0269999999998,32.1506,4.28465,32.1738,1,4,104.0,0.6208342985963101,0.5850009099885938,CHBG DRBY GBAY KUUJ
2015-07-28 08:04:14.700,2015-07-28 08:04:14.700,2015-07-28 08:04:19.000,7.43158,21.895,61.9114,-130.936,686.012,32.0322,4.2678,32.051,1,4,362.0,0.8,0.7999986666749465,PGEO PTRS WHIT
2015-07-31 09:23:58.900,2015-07-31 09:23:58.900,2015-07-31 09:24:03.700,6.29093,21.8251,63.7852,-149.58,690.445,32.4337,4.3238900000000005,32.4519,1,0,47.0,0.100029999850085,0.12501238112854482,KIAN MCGR WHIT
2015-07-31 14:02:45.300,2015-07-31 14:02:45.300,2015-07-31 14:02:49.600,8.3012,9.1395,60.7438,-70.3244,654.649,32.5593,4.3188900000000015,32.5765,0,0,428.0,1.7000084999162937,1.0600042000005487,BMLS CHBG GBAY KAPU KUUJ
2015-07-31 14:03:14.300,2015-07-31 14:03:14.300,2015-07-31 14:03:18.400,9.400139999999999,9.034180000000001,62.445,-71.5379,656.314,32.5634,4.32025,32.5784,0,0,428.0,2.3000041665713065,1.9149999999994183,CHBG GBAY KAPU KUUJ
2015-07-31 17:17:55.600,2015-07-31 17:17:55.600,2015-07-31 17:17:59.500,6.38431,8.35375,59.3483,-118.307,653.599,32.5954,4.3232,32.6119,1,4,505.0,0.8333436296146829,1.0749823803955223,HOTS PGEO PTRS SNAP UKIA
2015-07-31 17:18:40.300,2015-07-31 17:18:40.300,2015-07-31 17:18:44.600,7.6132,8.09579,61.9781,-120.084,656.178,32.6002,4.32511,32.6139,1,4,519.0,1.0,2.094927981772344,HOTS PGEO PTRS SNAP
2015-07-31 17:18:43.700,2015-07-31 17:18:43.700,2015-07-31 17:18:47.900,7.7065800000000015,8.07687,62.1773,-120.229,656.315,32.6002,4.32521,32.6137,1,4,519.0,1.3000113749993034,0.5485697142838035,HOTS PGEO PTRS SNAP WHIT
2015-07-31 18:57:27.300,2015-07-31 18:57:27.300,2015-07-31 18:57:31.600,6.8055600000000025,7.72445,65.4692,-147.398,659.688,32.6138,4.32872,32.624,1,4,110.0,5.450003749894676,2.7250025000015743,KIAN MCGR PTRS WHIT
2015-08-04 06:19:27.900,2015-08-04 06:19:27.900,2015-08-04 06:19:32.100,7.20883,22.2603,57.4182,-107.352,696.8380000000003,33.2387,4.435969999999998,33.2574,1,0,66.0,2.0499862378026594,2.225,HOTS PINE SNAP TPAS UKIA
2015-08-04 09:32:14.700,2015-08-04 09:32:14.700,2015-08-04 09:32:19.100,10.0821,21.8048,67.0783,-148.859,695.2919999999997,33.3686,4.45124,33.3785,-1,0,75.0,0.2404761904763291,0.3749892880092375,KIAN MCGR WHIT
2015-08-04 11:09:13.000,2015-08-04 11:09:13.000,2015-08-04 11:09:17.600,9.76118,21.9819,69.8096,-170.05700000000004,694.56,33.4044,4.45531,33.412,0,0,82.0,0.7166670833190438,0.6708157553919591,KIAN MCGR
2015-08-04 11:09:14.400,2015-08-04 11:09:14.400,2015-08-04 11:09:19.000,9.51839,21.9823,69.7319,-170.15900000000005,694.6060000000001,33.4039,4.45527,33.4116,0,0,82.0,0.0,0.2750018333317712,KIAN MCGR
2015-08-04 11:09:15.400,2015-08-04 11:09:15.400,2015-08-04 11:09:19.900,9.40241,21.9825,69.6763,-170.233,694.592,33.4036,4.45524,33.4113,0,0,82.0,0.3611120679008309,0.3133350666612387,KIAN MCGR
2015-08-04 19:07:06.200,2015-08-04 19:07:06.200,2015-08-04 19:07:10.600,7.3824,7.54367,67.0423,-151.266,670.47,33.441,4.4451800000000015,33.454,1,0,222.0,0.6761880952399224,0.8250000000000001,KIAN MCGR
2015-08-08 06:29:04.100,2015-08-08 06:29:04.100,2015-08-08 06:29:08.300,5.93982,22.2222,55.9811,-110.471,699.5210000000003,34.5072,4.60721,34.5366,1,0,365.0,1.3751108748139815,0.7750060000020312,HOTS PGEO PINE SNAP TPAS UKIA
2015-08-10 08:58:48.200,2015-08-10 08:58:48.200,2015-08-10 08:58:53.300,5.3661900000000005,21.8881,61.3039,-145.069,700.7919999999997,35.4866,4.73813,35.5033,1,0,436.0,3.3375031250001492,3.2350054999998976,MCGR PTRS WHIT
2015-08-10 10:35:19.100,2015-08-10 10:35:19.100,2015-08-10 10:35:23.700,5.94851,21.9416,65.6771,-165.968,700.9780000000003,35.4825,4.73723,35.5005,1,0,278.0,1.0499967500065397,0.8999987777839125,KIAN MCGR
2015-08-12 03:22:24.700,2015-08-12 03:22:24.700,2015-08-12 03:22:29.300,6.5446,23.3327,56.858999999999995,-63.42100000000001,700.182,36.1255,4.82364,36.1555,1,4,221.0,0.7333366666658551,0.5975013437462622,CHBG DRBY GBAY KUUJ
2015-08-28 03:56:57.700,2015-08-28 03:56:57.700,2015-08-28 03:57:03.800,,23.4994,62.9364,-68.6747,687.779,45.4436,6.05623,45.4607,-1,0,701.0,1.5749998750005034,0.10001549992302901,CHBG GBAY KAPU KUUJ
2015-09-09 04:26:08.500,2015-09-09 04:26:08.500,2015-09-09 04:26:14.600,6.20683,22.9288,54.5917,-80.6169,654.339,46.3882,6.15414,46.4118,1,0,1136.0,0.560087931797898,0.2600014666139032,BMLS CHBG DRBY KAPU KUUJ LOYS RMUS SWNO
2015-10-06 04:58:56.700,2015-10-06 04:58:56.700,2015-10-06 04:59:01.800,,23.0758,61.0983,-85.7711,617.503,41.1292,5.4270000000000005,41.1475,-1,0,474.0,2.203570505954849,2.8434611926059006,BMLS CHBG KAPU
2015-10-15 04:06:05.500,2015-10-15 04:06:05.500,2015-10-15 04:06:10.500,7.275819999999999,23.2632,56.8454,-74.9458,621.146,36.7609,4.85365,36.7898,1,0,51.0,0.9875003839231796,0.6000023888715078,BMLS CHBG DRBY GBAY KAPU KUUJ RMUS SWNO
2015-10-20 04:41:32.100,2015-10-20 04:41:32.100,2015-10-20 04:41:36.500,6.70891,23.0497,55.5194,-84.4633,628.2669999999998,33.2672,4.397,33.3168,1,0,71.0,1.1749950617391731,1.137499937500979,BMLS CHBG DRBY KAPU RMUS SWNO
2015-10-28 03:19:26.700,2015-10-28 03:19:26.700,2015-10-28 03:19:29.800,8.24488,23.6897,59.5783,-62.0124,641.566,23.0978,3.05839,23.1594,1,4,19.0,0.2166659722279292,0.1861106929034577,CHBG DRBY GBAY KUUJ
2015-10-28 03:19:27.600,2015-10-28 03:19:27.600,2015-10-28 03:19:30.700,8.1919,23.6855,59.5249,-62.0461,641.6080000000002,23.0982,3.0584599999999997,23.16,1,4,19.0,0.21904776303708787,0.1803563171066344,CHBG DRBY GBAY KUUJ
2015-10-28 03:19:28.200,2015-10-28 03:19:28.200,2015-10-28 03:19:31.300,8.13767,23.6814,59.4894,-62.0699,641.64,23.0985,3.05851,23.1604,1,4,19.0,0.21904776303708787,0.1803563171066344,CHBG DRBY GBAY KUUJ
2015-10-28 04:57:49.100,2015-10-28 04:57:49.100,2015-10-28 04:57:52.200,8.17758,23.035,57.4219,-87.7334,642.766,23.0615,3.05429,23.1137,1,4,40.0,0.3928576173420879,0.5158682282330119,BMLS CHBG KAPU PINE RMUS SWNO TPAS
2016-09-14 03:11:48.400,2016-09-14 03:11:48.400,2016-09-14 03:11:47.100,8.88893,23.3705,59.9028,-62.6927,617.649,-8.43639,-1.11343,8.88025,1,4,73.0,0.9083334027774982,0.2516129032257595,CHBG DRBY GBAY KUUJ
2016-09-14 03:12:18.900,2016-09-14 03:12:18.900,2016-09-14 03:12:17.800,7.22312,23.2533,58.0803,-63.7989,617.769,-8.3964,-1.1082299999999998,8.89098,1,4,73.0,0.34997975415026306,0.3250036874815123,CHBG DRBY GBAY KUUJ
2016-09-14 04:50:36.000,2016-09-14 04:50:36.000,2016-09-14 04:50:35.000,7.15207,22.5868,56.0473,-89.3523,617.996,-8.38844,-1.1072799999999998,8.98604,1,4,100.0,3.7917958333331634,3.783333333332848,BMLS CHBG KAPU PINE RMUS SWNO TPAS
2016-09-26 03:28:03.500,2016-09-26 03:28:03.500,2016-09-26 03:28:02.800,10.6657,23.3284,60.3854,-66.6357,634.783,-5.84974,-0.773929,6.5019,-1,4,387.0,0.2999995833350113,0.4500002499989933,CHBG GBAY KUUJ
2016-09-26 03:28:04.700,2016-09-26 03:28:04.700,2016-09-26 03:28:03.900,10.5461,23.3244,60.3143,-66.6814,634.854,-5.84853,-0.773774,6.5037199999999995,-1,4,387.0,0.6499990416792572,0.8374969375028741,CHBG GBAY KUUJ
2016-09-26 03:28:07.300,2016-09-26 03:28:07.300,2016-09-26 03:28:06.500,10.2013,23.3125,60.1602,-66.7833,634.863,-5.84567,-0.773406,6.50718,-1,4,387.0,1.1749990208511008,0.2924999575014226,CHBG GBAY KUUJ
2016-09-26 03:28:10.600,2016-09-26 03:28:10.600,2016-09-26 03:28:09.900,9.88434,23.3008,59.9644,-66.908,634.9209999999998,-5.84201,-0.772934,6.5115,0,4,387.0,0.6833175891937572,0.4000019999992219,CHBG GBAY KUUJ
2016-09-26 03:28:12.500,2016-09-26 03:28:12.500,2016-09-26 03:28:12.100,9.68869,23.2931,59.8517,-66.9803,634.995,-5.8398900000000005,-0.772663,6.51399,0,4,387.0,1.0999995777820004,1.3749996250000551,CHBG DRBY GBAY KUUJ
2016-09-26 03:28:34.000,2016-09-26 03:28:34.000,2016-09-26 03:28:33.400,8.14918,23.2168,58.5738,-67.7673,635.604,-5.81631,-0.7696310000000001,6.54303,1,4,431.0,0.8295420948605171,0.7264096445011092,CHBG DRBY GBAY KAPU KUUJ
2016-09-26 03:30:13.000,2016-09-26 03:30:13.000,2016-09-26 03:30:12.200,4.91084,22.9464,52.6505,-70.8261,638.268,-5.7119,-0.756229,6.69275,1,4,429.0,1.9184840000001715,2.0474408867201417,BMLS CHBG DRBY GBAY KAPU KUUJ LOYS RMUS
2016-10-23 05:18:08.500,2016-10-23 05:18:08.500,2016-10-23 05:18:08.800,8.769060000000001,22.6581,58.166000000000004,-95.7439,690.7280000000003,2.1423799999999997,0.285727,3.73121,0,4,40.0,1.0249998750019589,1.2249998750019586,BMLS KAPU RMUS SWNO TPAS
2016-10-24 04:06:46.100,2016-10-24 04:06:46.100,2016-10-24 04:06:46.200,6.9435100000000025,22.9466,56.0683,-78.9181,692.054,2.45152,0.32704,4.07482,1,4,392.0,0.9499724871973739,1.0749992916680642,BMLS CHBG DRBY KAPU KUUJ RMUS SWNO
2016-10-24 04:06:47.700,2016-10-24 04:06:47.700,2016-10-24 04:06:48.000,6.9058800000000025,22.9445,55.974,-78.9647,692.077,2.45034,0.326885,4.08075,1,4,392.0,0.6499992500030203,0.2346165810420644,BMLS CHBG DRBY KAPU KUUJ RMUS SWNO
2016-10-26 03:17:45.500,2016-10-26 03:17:45.500,2016-10-26 03:17:45.900,,23.9389,65.7922,-60.6646,692.627,3.0895799999999998,0.412091,4.00445,-1,4,684.0,0.5727259299659636,0.4822233251019498,GBAY KUUJ
2016-10-27 02:07:52.800,2016-10-27 02:07:52.800,2016-10-27 02:07:53.400,5.84585,23.6843,58.5036,-48.0556,694.497,3.3332599999999997,0.44479399999999997,4.61956,1,4,430.0,1.017117642768426,1.0156777429467183,GBAY
2016-10-27 02:08:12.600,2016-10-27 02:08:12.600,2016-10-27 02:08:12.900,5.344069999999999,23.599,57.3426,-48.7202,694.547,3.3159,0.44249399999999994,4.68371,1,4,430.0,0.3452888215600979,0.33844770109426464,GBAY
2016-10-27 03:46:41.800,2016-10-27 03:46:41.800,2016-10-27 03:46:42.200,5.9286,22.9937,54.6215,-74.5665,694.6289999999997,3.32896,0.444275,4.8034,1,4,797.0,1.8823184237640815,2.037706885978696,BMLS CHBG DRBY GBAY KAPU KUUJ LOYS RMUS SWNO
2016-10-27 03:46:52.200,2016-10-27 03:46:52.200,2016-10-27 03:46:52.600,5.63868,22.9705,54.0078,-74.8654,694.6160000000001,3.31923,0.442983,4.8355,1,4,797.0,0.5956406249984866,0.28253950672515205,BMLS CHBG DRBY GBAY KAPU KUUJ LOYS RMUS SWNO
2016-10-28 02:33:24.900,2016-10-28 02:33:24.900,2016-10-28 02:33:25.400,6.9153100000000025,23.6119,59.2309,-54.0704,695.232,3.5344599999999997,0.471682,4.5701,1,20,224.0,0.8833373472036329,1.0000078749333623,GBAY KUUJ
2016-10-28 02:33:28.300,2016-10-28 02:33:28.300,2016-10-28 02:33:28.800,6.769710000000001,23.5938,59.0321,-54.193999999999996,695.2260000000001,3.531,0.47122299999999995,4.57859,1,20,224.0,0.26000015999889003,0.2899983100098325,GBAY KUUJ
2016-10-28 02:33:28.800,2016-10-28 02:33:28.800,2016-10-28 02:33:29.400,6.769710000000001,23.5938,59.0028,-54.2096,695.232,3.5305,0.471156,4.57984,1,20,224.0,0.26000015999889003,0.2899983100098325,GBAY KUUJ
2016-10-28 04:08:13.600,2016-10-28 04:08:13.600,2016-10-28 04:08:14.300,,23.8873,69.2405,-69.8501,694.192,3.59396,0.479437,4.14061,-1,20,314.0,0.4934878005558858,1.1166666666656966,KUUJ
2016-10-28 04:12:06.100,2016-10-28 04:12:06.100,2016-10-28 04:12:06.500,6.82182,22.9124,55.8144,-80.4215,695.2360000000001,3.3959599999999996,0.45324200000000003,4.78109,1,20,332.0,1.2666667222219985,0.8516129032243044,BMLS CHBG DRBY KAPU KUUJ RMUS SWNO
2016-10-29 02:58:21.800,2016-10-29 02:58:21.800,2016-10-29 02:58:22.700,11.3557,23.6868,61.9982,-58.685,695.924,3.8237300000000003,0.5102949999999999,4.8015,-1,4,1050.0,0.7715688161595609,0.22571435374120485,GBAY KUUJ
2016-10-29 02:59:33.100,2016-10-29 02:59:33.100,2016-10-29 02:59:33.600,6.74073,23.375,57.8385,-61.342,695.865,3.75515,0.5011939999999999,5.00521,1,4,1135.0,0.26956520555104363,0.4155528158094967,CHBG DRBY GBAY KUUJ
2016-10-29 03:01:18.000,2016-10-29 03:01:18.000,2016-10-29 03:01:18.400,4.3269400000000005,23.0735,51.6547,-64.4027,695.253,3.64627,0.48670699999999995,5.31982,1,4,1043.0,0.3962960877935984,0.0,CHBG DRBY GBAY KUUJ LOYS
2016-10-29 03:01:21.300,2016-10-29 03:01:21.300,2016-10-29 03:01:21.800,4.27882,23.0664,51.4593,-64.4859,695.296,3.6429099999999996,0.48626,5.32937,1,4,1043.0,0.1840057328430703,0.5149983500043164,CHBG DRBY GBAY KUUJ LOYS
2016-10-30 03:26:09.100,2016-10-30 03:26:09.100,2016-10-30 03:26:09.600,5.71404,23.0906,54.8029,-69.3969,695.92,3.9391,0.525799,5.23833,1,4,467.0,0.0,0.32498888641857776,CHBG DRBY GBAY KAPU KUUJ LOYS
2016-10-30 03:26:10.200,2016-10-30 03:26:10.200,2016-10-30 03:26:10.800,5.68896,23.0881,54.738,-69.4284,695.9169999999997,3.93793,0.525642,5.24108,1,4,467.0,0.9273819353722502,0.8850017999997363,CHBG DRBY GBAY KAPU KUUJ LOYS
2016-10-30 03:26:11.400,2016-10-30 03:26:11.400,2016-10-30 03:26:12.000,5.66406,23.0857,54.6672,-69.4623,695.925,3.93665,0.525472,5.24409,1,4,467.0,0.6266677333347617,0.5318097041017609,CHBG DRBY GBAY KAPU KUUJ LOYS
2016-11-07 03:35:22.800,2016-11-07 03:35:22.800,2016-11-07 03:35:23.700,8.65603,23.2204,58.9593,-69.8455,695.545,6.8433,0.9132959999999999,7.5846300000000015,0,4,42.0,1.5,1.5,BMLS CHBG DRBY GBAY KAPU KUUJ
2016-11-07 05:13:25.400,2016-11-07 05:13:25.400,2016-11-07 05:13:26.400,8.323210000000001,22.676,57.8049,-94.9536,695.02,6.96253,0.929168,7.69693,0,4,34.0,0.7416672499879496,0.7021227050368908,BMLS KAPU PINE RMUS SWNO TPAS
2016-11-07 05:13:28.200,2016-11-07 05:13:28.200,2016-11-07 05:13:29.100,8.148430000000001,22.6727,57.6407,-95.0472,694.8789999999997,6.95944,0.92875,7.70022,1,4,34.0,0.3828544092102675,0.3750009166513337,BMLS KAPU PINE RMUS SWNO TPAS
2016-11-21 04:42:53.700,2016-11-21 04:42:53.700,2016-11-21 04:42:55.400,7.33637,22.7243,56.4761,-88.1468,673.6030000000002,13.0697,1.73895,13.5117,1,4,121.0,1.2249998750005036,2.1749998750005037,BMLS CHBG KAPU PINE RMUS SWNO TPAS
2016-11-23 05:34:30.200,2016-11-23 05:34:30.200,2016-11-23 05:34:31.900,6.3042,22.5178,55.7082,-101.42399999999999,668.541,14.2734,1.89779,14.6854,1,4,84.0,4.233333333333577,4.033333333333577,HOTS PINE SNAP SWNO TPAS
2016-11-24 02:41:28.200,2016-11-24 02:41:28.200,2016-11-24 02:41:30.100,,0.311166,67.2788,-50.673,676.878,14.5692,1.9388599999999998,14.7687,-1,4,213.0,0.4189770718279761,0.28076532810810023,GBAY
2016-11-24 04:22:34.400,2016-11-24 04:22:34.400,2016-11-24 04:22:36.400,6.56773,22.7608,55.3885,-83.5936,666.127,14.9841,1.9916200000000002,15.4115,1,4,158.0,0.2347218233058811,0.180000079999445,BMLS CHBG DRBY KAPU RMUS SWNO
2016-11-29 04:52:46.000,2016-11-29 04:52:46.000,2016-11-29 04:52:48.500,7.86728,22.6481,57.2811,-90.3505,656.4810000000001,17.7888,2.36102,18.0597,1,4,89.0,0.5333296383745619,0.5199995200033299,BMLS KAPU PINE RMUS SWNO TPAS
2016-12-08 05:27:48.100,2016-12-08 05:27:48.100,2016-12-08 05:27:51.100,9.72622,22.4755,59.4544,-98.1227,638.237,23.589000000000002,3.12257,23.7908,0,4,293.0,0.3808089898986509,0.5787844712962397,BMLS SNAP SWNO TPAS
2016-12-09 04:16:28.900,2016-12-09 04:16:28.900,2016-12-09 04:16:32.500,7.46357,22.7066,56.8572,-81.6095,634.06,24.5861,3.25285,24.8172,1,4,25.0,2.3400014999948326,2.7626498120531324,BMLS CHBG DRBY KAPU KUUJ RMUS SWNO
2016-12-09 05:53:41.900,2016-12-09 05:53:41.900,2016-12-09 05:53:45.200,8.05746,22.3712,58.6275,-105.045,635.386,24.6413,3.26063,24.8525,1,4,237.0,0.43999944000388497,0.26666677777830045,HOTS SNAP TPAS UKIA
2016-12-09 05:53:44.600,2016-12-09 05:53:44.600,2016-12-09 05:53:47.900,7.8889,22.3698,58.4666,-105.14,635.276,24.642,3.26067,24.8552,1,4,237.0,1.9249998750019583,1.9999992500059307,HOTS SNAP TPAS UKIA
2016-12-09 05:53:58.000,2016-12-09 05:53:58.000,2016-12-09 05:54:01.300,7.22554,22.364,57.6673,-105.598,634.637,24.6455,3.2609,24.8689,1,4,237.0,0.8500016874982976,0.8354187942692081,HOTS PINE SNAP TPAS UKIA
2016-12-12 03:53:38.300,2016-12-12 03:53:38.300,2016-12-12 03:53:41.800,,23.2048,64.3961,-71.4554,634.497,26.351999999999997,3.4860300000000004,26.496,-1,4,183.0,0.2599900810499093,0.23928576658072415,CHBG GBAY KUUJ
2016-12-12 05:32:54.500,2016-12-12 05:32:54.500,2016-12-12 05:32:58.200,8.82258,22.4127,58.8617,-99.7652,629.918,26.438000000000002,3.4956199999999997,26.6485,1,4,62.0,0.8400017355539604,0.5583309030072997,HOTS SNAP SWNO TPAS
2016-12-18 04:51:45.500,2016-12-18 04:51:45.500,2016-12-18 04:51:49.600,8.16142,22.4887,57.6504,-90.1696,620.1080000000002,30.9339,4.08448,31.1113,1,4,224.0,0.9634863722778392,0.9400000000008732,BMLS KAPU PINE RMUS SWNO TPAS
2016-12-18 04:52:31.300,2016-12-18 04:52:31.300,2016-12-18 04:52:35.400,6.2141800000000025,22.4304,54.8965,-91.6081,618.486,30.9741,4.089180000000002,31.18,1,4,249.0,1.612498187516758,1.5416649305727337,BMLS KAPU LOYS PINE RMUS SWNO TPAS
2016-12-20 04:05:21.000,2016-12-20 04:05:21.000,2016-12-20 04:05:25.400,7.94718,22.6752,57.6474,-78.5986,617.977,32.4212,4.27957,32.586999999999996,1,4,32.0,1.4750001249994966,1.2249898730340647,BMLS CHBG DRBY KAPU KUUJ RMUS SWNO
2016-12-22 04:56:29.100,2016-12-22 04:56:29.100,2016-12-22 04:56:33.500,8.665289999999999,22.4405,58.2281,-91.1219,616.581,33.9438,4.47955,34.1093,1,4,134.0,0.5200028199906228,0.40000074999406937,BMLS KAPU RMUS SWNO TPAS
2016-12-22 04:56:31.700,2016-12-22 04:56:31.700,2016-12-22 04:56:36.600,8.5467,22.4379,58.0722,-91.2085,616.436,33.9464,4.47987,34.1134,1,4,136.0,0.6874994375088136,1.2250087677341073,BMLS KAPU PINE RMUS SWNO TPAS
2016-12-22 04:56:34.700,2016-12-22 04:56:34.700,2016-12-22 04:56:39.200,8.36947,22.4338,57.8922,-91.3105,616.337,33.9495,4.48024,34.1182,1,4,136.0,3.2399999999994185,3.325,BMLS KAPU PINE RMUS SWNO TPAS
2016-12-25 04:36:02.600,2016-12-25 04:36:02.600,2016-12-25 04:36:07.500,7.6704399999999975,22.4667,57.023999999999994,-86.6326,614.516,36.2869,4.78756,36.4568,1,4,99.0,2.2751724999994623,2.2932805889598966,BMLS CHBG DRBY KAPU RMUS SWNO TPAS
2016-12-29 04:40:41.100,2016-12-29 04:40:41.100,2016-12-29 04:40:46.700,8.30529,22.4254,57.7806,-87.4852,614.411,39.4186,5.2005099999999995,39.5679,1,4,31.0,1.4333328333377722,1.2333339999866442,BMLS CHBG KAPU RMUS SWNO TPAS
2017-01-06 03:11:24.800,2017-01-06 03:11:24.800,2017-01-06 03:11:31.000,11.6474,23.0739,62.0826,-62.849,618.979,45.1303,5.9573599999999995,45.228,-1,4,492.0,0.5000064443549491,0.35499280332005584,CHBG GBAY KUUJ
2017-01-19 07:05:18.600,2017-01-19 07:05:18.600,2017-01-19 07:05:25.900,,21.7883,67.4612,-117.223,637.638,55.3245,7.3215600000000025,55.3785,-1,4,250.0,0.6799988800066785,0.43846358974359134,PGEO SNAP
2017-01-19 13:21:25.000,2017-01-19 13:21:25.000,2017-01-19 13:21:32.200,5.37204,9.45589,55.8468,-61.9769,613.929,54.6287,7.20715,54.7517,1,0,116.0,0.6400035955070053,1.0624973106139806,CHBG DRBY GBAY KUUJ
2017-01-19 13:22:29.800,2017-01-19 13:22:29.800,2017-01-19 13:22:37.000,7.40229,9.321819999999999,59.7376,-64.1596,615.203,54.7059,7.21794,54.8034,0,0,87.0,0.5125000000000001,0.8314285714295693,CHBG DRBY GBAY KUUJ
2017-01-19 13:23:32.900,2017-01-19 13:23:32.900,2017-01-19 13:23:40.200,10.1828,9.13623,63.4895,-66.7671,616.646,54.7799,7.22852,54.8549,-1,0,154.0,0.8666506728652167,0.8250025499961341,CHBG GBAY KUUJ
2017-01-22 08:23:12.200,2017-01-22 08:23:12.200,2017-01-22 08:23:19.900,7.44291,21.7535,63.8744,-139.77100000000002,646.0369999999998,57.6462,7.63858,57.7088,1,4,195.0,0.2000210000000152,0.0,PTRS WHIT
2017-01-22 10:00:03.400,2017-01-22 10:00:03.400,2017-01-22 10:00:10.900,7.05805,21.8541,66.8569,-161.528,644.54,57.6671,7.63921,57.7159,1,4,100.0,0.7250025000001188,0.5692318343069929,KIAN MCGR
2017-01-22 13:01:24.000,2017-01-22 13:01:24.000,2017-01-22 13:01:31.400,6.48789,9.4755,58.894,-58.4709,616.7719999999998,56.9786,7.51967,57.0657,1,0,434.0,0.44999862523691264,0.5174858147322084,DRBY GBAY KUUJ
2017-01-22 13:02:07.600,2017-01-22 13:02:07.600,2017-01-22 13:02:15.100,8.1187,9.38742,61.4957,-60.1284,618.12,57.0285,7.52711,57.1019,0,0,452.0,0.7249968750256812,0.6500076249343693,CHBG GBAY KUUJ
2017-01-23 07:11:31.000,2017-01-23 07:11:31.000,2017-01-23 07:11:38.700,9.26956,21.7914,62.4659,-122.837,649.0169999999998,58.2824,7.72635,58.3558,0,4,26.0,0.9333321666725171,1.2848484848484532,HOTS PGEO PTRS SNAP WHIT
2017-01-23 08:48:08.800,2017-01-23 08:48:08.800,2017-01-23 08:48:16.500,9.27937,21.7316,66.2409,-144.116,647.014,58.3015,7.72605,58.3556,0,4,23.0,0.7499967500061757,0.6333329682569456,MCGR PTRS WHIT
2017-01-23 08:48:46.200,2017-01-23 08:48:46.200,2017-01-23 08:48:53.500,6.7389399999999995,21.7617,64.0649,-146.033,648.227,58.318999999999996,7.7301100000000025,58.3839,1,4,21.0,1.6499997500010068,1.699997000005169,KIAN MCGR PTRS WHIT
2017-02-01 09:23:50.200,2017-02-01 09:23:50.200,2017-02-01 09:23:59.000,6.04057,21.7398,64.3409,-154.7,668.6289999999998,64.7209,8.603580000000001,64.7845,1,4,617.0,0.5516920997055422,1.7800000000002911,KIAN MCGR
2017-02-02 12:50:13.300,2017-02-02 12:50:13.300,2017-02-02 12:50:22.000,6.75165,9.45242,59.7569,-56.2707,632.877,65.3079,8.638539999999999,65.3902,1,0,515.0,0.9000573333338253,0.5428335604839959,GBAY KUUJ
2017-02-02 12:50:39.100,2017-02-02 12:50:39.100,2017-02-02 12:50:48.100,7.72457,9.404810000000001,61.2881,-57.2666,634.214,65.3267,8.64227,65.4011,0,0,497.0,1.6519045538632782,0.9587496624997583,GBAY KUUJ
2017-02-02 12:50:42.600,2017-02-02 12:50:42.600,2017-02-02 12:50:51.300,7.847360000000001,9.398819999999999,61.4953,-57.4061,634.3430000000002,65.3292,8.64277,65.4026,0,0,497.0,0.9710983862896684,0.8624991250006133,GBAY KUUJ
2017-02-02 12:50:52.800,2017-02-02 12:50:52.800,2017-02-02 12:51:01.300,8.27086,9.37803,62.0984,-57.8278,634.8480000000002,65.337,8.64429,65.4072,0,0,497.0,1.9100006944325287,1.7458473333332225,GBAY KUUJ
2017-02-02 12:51:11.500,2017-02-02 12:51:11.500,2017-02-02 12:51:20.200,9.12866,9.33473,63.2007,-58.6442,635.812,65.3512,8.6471,65.4159,0,0,497.0,1.4625026249996154,0.9958353750000244,GBAY KUUJ
2017-02-02 14:27:05.900,2017-02-02 14:27:05.900,2017-02-02 14:27:14.500,6.69457,8.90376,56.7832,-78.9846,630.5509999999998,65.3451,8.6413,65.4437,1,0,263.0,0.4145557526338962,0.5875135155423777,BMLS CHBG DRBY KAPU KUUJ RMUS SWNO
2017-02-02 14:27:06.600,2017-02-02 14:27:06.600,2017-02-02 14:27:15.300,6.73164,8.90042,56.8251,-79.0082,630.592,65.3458,8.64142,65.4441,1,0,263.0,0.4145557526338962,0.5875135155423777,BMLS CHBG DRBY KAPU KUUJ RMUS SWNO
2017-02-02 14:27:37.900,2017-02-02 14:27:37.900,2017-02-02 14:27:46.500,7.78793,8.79845,58.6957,-80.0545,632.1519999999998,65.3705,8.646139999999999,65.4585,1,0,251.0,3.466663333334145,1.4299994000117295,BMLS CHBG DRBY KAPU KUUJ SWNO
2017-02-05 12:29:52.800,2017-02-05 12:29:52.800,2017-02-05 12:30:01.800,7.478789999999999,9.525269999999999,61.7181,-52.3766,640.729,67.8486,8.98413,67.9207,0,0,382.0,0.3624986458635249,0.6949964999999794,GBAY
2017-02-05 12:30:09.300,2017-02-05 12:30:09.300,2017-02-05 12:30:18.100,8.18581,9.49795,62.6906,-53.0778,641.553,67.8566,8.9861,67.92399999999999,0,0,382.0,2.812502916666563,3.5812500000000003,GBAY
2017-02-05 12:30:16.100,2017-02-05 12:30:16.100,2017-02-05 12:30:25.000,8.49774,9.48581,63.0904,-53.379,641.895,67.8602,8.98695,67.9256,0,0,382.0,3.5,2.2187247786205258,GBAY
2017-02-05 12:30:26.500,2017-02-05 12:30:26.500,2017-02-05 12:30:35.300,8.95204,9.46748,63.7007,-53.8512,642.444,67.8656,8.98824,67.928,0,0,382.0,0.9690566444965952,0.8249994999656338,GBAY KUUJ
2017-02-05 14:06:22.900,2017-02-05 14:06:22.900,2017-02-05 14:06:31.900,6.82165,8.996260000000003,57.4234,-74.1477,637.044,67.8608,8.98204,67.9559,1,4,166.0,0.8250075000003563,0.6000009999756003,BMLS CHBG DRBY GBAY KAPU KUUJ RMUS SWNO
2017-02-10 12:59:54.000,2017-02-10 12:59:54.000,2017-02-10 13:00:03.700,7.5754800000000015,9.31283,60.6975,-59.3308,650.941,72.0396,9.55328,72.1142,0,0,189.0,1.0333155606502258,0.862501812458504,GBAY KUUJ
2017-02-10 12:59:56.700,2017-02-10 12:59:56.700,2017-02-10 13:00:06.300,7.65344,9.30861,60.8568,-59.433,651.056,72.0402,9.55353,72.11399999999998,0,0,189.0,1.799998000099731,1.6750038749785745,CHBG GBAY KUUJ
2017-02-10 13:00:16.700,2017-02-10 13:00:16.700,2017-02-10 13:00:26.200,8.48145,9.2635,62.0347,-60.2418,652.172,72.0444,9.55532,72.1124,0,0,189.0,0.5249437921556819,0.24999187171706586,CHBG GBAY KUUJ
2017-02-16 12:18:36.300,2017-02-16 12:18:36.300,2017-02-16 12:18:46.500,7.7618,9.53192,62.4893,-50.1998,666.247,76.9575,10.2273,77.0174,0,0,240.0,1.9874800544967,1.6499977500112435,GBAY
2017-02-21 09:47:16.600,2017-02-21 09:47:16.600,2017-02-21 09:47:27.300,6.0932,21.6847,65.118,-160.171,697.181,80.5229,10.7476,80.5816,1,4,20.0,0.4000033332566091,0.449964469175211,KIAN MCGR
2017-02-21 09:47:19.500,2017-02-21 09:47:19.500,2017-02-21 09:47:30.200,5.97914,21.6863,64.9516,-160.317,697.1030000000003,80.52,10.7472,80.5794,1,4,20.0,1.4500056249922637,1.2666666666666062,KIAN MCGR
2017-02-22 13:14:20.500,2017-02-22 13:14:20.500,2017-02-22 13:14:31.400,8.772110000000001,9.11069,61.9525,-63.8668,678.427,82.2859,10.9546,82.3423,0,0,58.0,1.2499980000167854,0.8649864169987268,CHBG GBAY KUUJ
2017-02-24 12:26:59.000,2017-02-24 12:26:59.000,2017-02-24 12:27:10.200,5.8948199999999975,9.52255,58.9822,-50.3349,679.809,83.9112,11.1739,83.9886,1,0,280.0,0.42083407291574987,0.3124997053579137,GBAY
2017-02-24 12:28:15.900,2017-02-24 12:28:15.900,2017-02-24 12:28:27.300,8.69904,9.412339999999999,63.474,-53.3973,683.247,83.8563,11.1709,83.9143,0,0,265.0,1.2599985500353796,2.9683321611315483,GBAY
2017-02-24 12:28:28.000,2017-02-24 12:28:28.000,2017-02-24 12:28:39.000,9.24082,9.38975,64.1746,-53.9625,683.827,83.8472,11.1704,83.9023,0,0,265.0,1.453364087776572,1.89428591019896,GBAY KUUJ
2017-02-24 14:04:45.400,2017-02-24 14:04:45.400,2017-02-24 14:04:56.700,7.8837800000000025,8.857339999999997,59.2184,-74.903,680.0310000000002,83.9664,11.1817,84.0427,0,0,726.0,1.4199962000187951,0.9250006346104784,BMLS CHBG DRBY GBAY KAPU KUUJ SWNO
2017-03-21 08:43:45.000,2017-03-21 08:43:45.000,2017-03-21 08:43:55.200,4.323869999999999,21.6499,59.1285,-148.503,656.8330000000002,80.23100000000002,10.649000000000001,80.3184,1,4,362.0,2.3000001249931303,3.7,KIAN MCGR WHIT
2017-04-23 12:44:28.000,2017-04-23 12:44:28.000,2017-04-23 12:44:36.900,6.57605,9.34441,59.746,-55.9814,625.898,67.6714,8.9424,67.77,1,0,576.0,2.218715639744187,0.4523802570009139,GBAY KUUJ
2017-04-23 12:45:12.300,2017-04-23 12:45:12.300,2017-04-23 12:45:21.100,8.16467,9.25724,62.3749,-57.7631,625.052,67.7021,8.94482,67.7844,0,0,650.0,3.21666600000026,2.3916700000001585,GBAY KUUJ
2017-04-24 10:08:21.300,2017-04-24 10:08:21.300,2017-04-24 10:08:30.300,6.81597,21.6771,66.8798,-164.514,616.0459999999998,67.9797,8.968919999999997,68.0378,1,0,491.0,1.9257203805733296,1.3793280185200274,KIAN MCGR
2017-04-24 10:08:23.100,2017-04-24 10:08:23.100,2017-04-24 10:08:32.100,6.7195199999999975,21.678,66.7752,-164.62099999999995,615.985,67.9818,8.96921,68.0404,1,0,491.0,1.2543086926147229,1.0053610727543856,KIAN MCGR
2017-04-24 13:09:46.200,2017-04-24 13:09:46.200,2017-04-24 13:09:55.000,6.67938,9.21009,58.9676,-61.8972,624.474,67.0182,8.854519999999997,67.1243,1,0,153.0,0.6476300823487691,0.7333527773531388,CHBG DRBY GBAY KUUJ
2017-04-25 10:33:42.800,2017-04-25 10:33:42.800,2017-04-25 10:33:51.700,6.73733,21.7325,67.4324,-170.328,616.425,67.1865,8.86471,67.2423,1,0,286.0,3.4674999999999274,3.7,KIAN MCGR
2017-04-25 11:58:25.100,2017-04-25 11:58:25.100,2017-04-25 11:58:33.900,6.83591,9.56628,61.9305,-45.8082,622.29,66.316,8.75835,66.4037,1,0,604.0,0.4697113431495382,0.5541663791678729,GBAY
2017-04-25 11:58:32.800,2017-04-25 11:58:32.800,2017-04-25 11:58:41.700,7.07758,9.559289999999999,62.3863,-46.1354,622.2180000000002,66.3226,8.758989999999999,66.4073,0,0,611.0,10.058745049999562,5.33332020847447,GBAY
2017-04-25 11:58:59.900,2017-04-25 11:58:59.900,2017-04-25 11:59:08.700,8.09234,9.52925,63.9853,-47.37300000000001,621.862,66.3441,8.76102,66.4192,0,0,611.0,0.6163332693336998,0.7171714025374968,GBAY
2017-04-25 11:59:03.700,2017-04-25 11:59:03.700,2017-04-25 11:59:12.500,8.25608,9.52432,64.2087,-47.5577,621.77,66.3474,8.76135,66.4212,0,0,611.0,2.000001326522033,0.0,GBAY
2017-04-25 11:59:32.400,2017-04-25 11:59:32.400,2017-04-25 11:59:41.200,9.47049,9.48409,65.8896,-49.0414,621.4209999999998,66.3727,8.76388,66.4366,0,0,612.0,2.0500000000000003,2.4732045634285895,GBAY
2017-04-25 11:59:36.800,2017-04-25 11:59:36.800,2017-04-25 11:59:45.400,9.64408,9.47783,66.1462,-49.2828,621.314,66.3761,8.7642,66.4386,0,0,612.0,2.250587820072542,1.5769222544360677,GBAY
2017-04-25 13:34:49.300,2017-04-25 13:34:49.300,2017-04-25 13:34:58.200,6.270919999999999,9.11912,57.2891,-67.3263,623.419,66.1973,8.74509,66.3158,1,0,468.0,1.633329999999842,1.500005250000686,CHBG DRBY GBAY KAPU KUUJ
2017-04-25 13:34:58.000,2017-04-25 13:34:58.000,2017-04-25 13:35:06.500,6.5007699999999975,9.100389999999999,57.8101,-67.6189,623.252,66.2032,8.745569999999999,66.3183,1,0,468.0,0.9399992000166094,1.4999991666671122,CHBG DRBY GBAY KAPU KUUJ
2017-04-26 10:58:40.300,2017-04-26 10:58:40.300,2017-04-26 10:58:49.100,8.1543,21.7996,69.3558,-174.49099999999999,616.872,66.362,8.75619,66.4094,0,0,154.0,0.2757575757575978,0.8057137755175063,KIAN
2017-04-26 12:23:35.000,2017-04-26 12:23:35.000,2017-04-26 12:23:43.500,6.668710000000001,9.439869999999999,60.6758,-51.3415,621.316,65.499,8.649410000000001,65.5954,1,0,205.0,1.0300029499951049,0.5936502857133746,GBAY
2017-04-27 09:46:45.600,2017-04-27 09:46:45.600,2017-04-27 09:46:54.100,9.87474,21.6151,68.4094,-157.596,617.544,65.7419,8.67527,65.7946,0,0,72.0,0.8694444444445253,0.5673764052007755,KIAN MCGR
2017-04-28 10:12:27.800,2017-04-28 10:12:27.800,2017-04-28 10:12:36.400,7.60745,21.6732,67.751,-164.72299999999996,618.279,64.7328,8.5432,64.7903,1,0,92.0,0.20829781758639,0.3625134374329719,KIAN MCGR
2017-05-01 09:50:53.700,2017-05-01 09:50:53.700,2017-05-01 09:51:01.500,11.5987,21.6079,69.1251,-157.862,620.9630000000002,62.7318,8.28196,62.7801,-1,0,40.0,0.8083294574124011,1.0916665972225021,KIAN MCGR
2017-05-02 10:16:31.000,2017-05-02 10:16:31.000,2017-05-02 10:16:39.000,8.8526,21.6677,68.7366,-164.72299999999996,622.177,61.9912,8.18576,62.0456,0,4,62.0,1.3444444444445254,1.2755507567075255,KIAN MCGR
